query_index,query_id,room,candidate_count,source,mesh_construction_seconds,operator_construction_seconds,fullband_solve_seconds,candidate_preparation_seconds,strict_gate_seconds,random_selection_seconds,fem_core_or_fallback_total_seconds,omp_seconds,final_fem_omp_seconds,external_wall_clock_elapsed_seconds_audit_only
30,single_channel_ir_1/Cafe/Cafe_idx_1/S008_R047_hybrid_IR.wav,Cafe_idx_1,5296,external_runtime_recovered,,,,,,,1542.41,0.006766684120520949,1542.4167666841206,1559.96
42,single_channel_ir_1/Cafe/Cafe_idx_1/S008_R051_hybrid_IR.wav,Cafe_idx_1,5296,external_runtime_recovered,,,,,,,1528.25,0.006560962880030274,1528.25656096288,1547.61
179,single_channel_ir_1/Cafe/Cafe_idx_1/S008_R088_hybrid_IR.wav,Cafe_idx_1,5295,strict_failure_random_candidate_measured,,,,0.004692916,0.015051668,0.000101272,0.019848405,0.0,0.019848405,
335,single_channel_ir_1/Cafe/Cafe_idx_1/S008_R063_hybrid_IR.wav,Cafe_idx_1,5296,local_oversized,42.72799976798706,58.53571444097906,2458.9458097799215,,,,2560.2095239888877,0.006498095113784075,2560.2160220840015,
535,single_channel_ir_1/Cafe/Cafe_idx_1/S004_R052_hybrid_IR.wav,Cafe_idx_1,5296,external_runtime_recovered,,,,,,,1591.27,0.006739770993590355,1591.2767397709936,1621.97
699,single_channel_ir_1/Cafe/Cafe_idx_1/S002_R085_hybrid_IR.wav,Cafe_idx_1,5295,local_oversized,48.026810493087396,54.65861820895225,3669.925215733936,,,,3772.6106444359757,0.006560873938724399,3772.6172053099144,
715,single_channel_ir_1/Cafe/Cafe_idx_1/S009_R040_hybrid_IR.wav,Cafe_idx_1,5296,local_oversized,66.32584590814076,77.11424330901355,3690.7698394760955,,,,3834.20992869325,0.006681870203465223,3834.2166105634533,
917,single_channel_ir_1/Cafe/Cafe_idx_1/S004_R099_hybrid_IR.wav,Cafe_idx_1,5295,external_runtime_recovered,,,,,,,1557.98,0.006640567211434245,1557.9866405672115,1583.43
978,single_channel_ir_1/MeetingRoom/MeetingRoom_idx_32/S010_R023_hybrid_IR.wav,MeetingRoom_idx_32,105,local_primary_97,1.3181677898392081,1.6039973818697035,28.11134663806297,,,,31.03351180977188,0.000936051132157445,31.034447860904038,
988,single_channel_ir_1/MeetingRoom/MeetingRoom_idx_32/S004_R017_hybrid_IR.wav,MeetingRoom_idx_32,104,local_primary_97,1.5622495289426297,1.9658929260913283,33.56615870795213,,,,37.094301162986085,0.0008979560807347298,37.09519911906682,
996,single_channel_ir_1/MeetingRoom/MeetingRoom_idx_32/S010_R025_hybrid_IR.wav,MeetingRoom_idx_32,106,local_primary_97,1.9881374440155923,2.2672747489996254,31.224935170961544,,,,35.48034736397676,0.0008894400671124458,35.481236804043874,
1025,single_channel_ir_1/MeetingRoom/MeetingRoom_idx_32/S006_R022_hybrid_IR.wav,MeetingRoom_idx_32,104,local_primary_97,1.2294432141352445,1.6409358349628747,31.027685703942552,,,,33.89806475304067,0.0010873798746615648,33.89915213291533,
1060,single_channel_ir_1/MeetingRoom/MeetingRoom_idx_32/S008_R023_hybrid_IR.wav,MeetingRoom_idx_32,104,local_primary_97,2.0176819080952555,2.342838105978444,31.134594873990864,,,,35.49511488806456,0.001090653007850051,35.49620554107241,
1061,single_channel_ir_1/MeetingRoom/MeetingRoom_idx_32/S002_R018_hybrid_IR.wav,MeetingRoom_idx_32,104,local_primary_97,1.7842683519702405,2.1643629129976034,28.622579351998866,,,,32.57121061696671,0.001084313029423356,32.57229492999613,
1088,single_channel_ir_1/MeetingRoom/MeetingRoom_idx_32/S004_R003_hybrid_IR.wav,MeetingRoom_idx_32,106,local_primary_97,1.9023612211458385,2.201368546113372,28.673989395145327,,,,32.77771916240454,0.0010856599546968937,32.778804822359234,
1157,single_channel_ir_1/MeetingRoom/MeetingRoom_idx_32/S003_R015_hybrid_IR.wav,MeetingRoom_idx_32,105,local_primary_97,1.9211317100562155,2.212677561910823,27.619420628994703,,,,31.753229900961742,0.0011004540137946606,31.754330354975536,
1201,single_channel_ir_1/MeetingRoom/MeetingRoom_idx_20/S005_R013_hybrid_IR.wav,MeetingRoom_idx_20,231,local_primary_97,4.316610598936677,4.605845345882699,81.15718899504282,,,,90.07964493986219,0.0012813799548894167,90.08092631981708,
1204,single_channel_ir_1/MeetingRoom/MeetingRoom_idx_20/S001_R004_hybrid_IR.wav,MeetingRoom_idx_20,230,local_primary_97,3.413929129950702,3.9433035259135067,74.3704692099709,,,,81.72770186583512,0.0012474178802222013,81.72894928371534,
1218,single_channel_ir_1/MeetingRoom/MeetingRoom_idx_20/S006_R016_hybrid_IR.wav,MeetingRoom_idx_20,230,local_primary_97,3.3757950491271913,4.228889259044081,73.34028926189058,,,,80.94497357006185,0.00123994005843997,80.94621351012029,
1257,single_channel_ir_1/MeetingRoom/MeetingRoom_idx_20/S001_R025_hybrid_IR.wav,MeetingRoom_idx_20,230,local_primary_97,2.78753647999838,3.525972268078476,79.72138813021593,,,,86.03489687829278,0.0013199939858168364,86.0362168722786,
1287,single_channel_ir_1/MeetingRoom/MeetingRoom_idx_20/S003_R010_hybrid_IR.wav,MeetingRoom_idx_20,232,local_primary_97,3.753515071934089,4.202771920943633,74.38052137894556,,,,82.33680837182328,0.0012598109897226095,82.338068182813,
1297,single_channel_ir_1/MeetingRoom/MeetingRoom_idx_20/S002_R022_hybrid_IR.wav,MeetingRoom_idx_20,230,local_primary_97,3.65301581681706,5.463221658952534,79.91693697497249,,,,89.03317445074208,0.0012573550920933485,89.03443180583417,
1323,single_channel_ir_1/MeetingRoom/MeetingRoom_idx_20/S009_R014_hybrid_IR.wav,MeetingRoom_idx_20,232,local_primary_97,3.6032428711187094,3.8827381059527397,76.49494119896553,,,,83.98092217603698,0.0012575299479067326,83.98217970598489,
1368,single_channel_ir_1/MeetingRoom/MeetingRoom_idx_20/S004_R025_hybrid_IR.wav,MeetingRoom_idx_20,230,local_primary_97,3.657115746056661,4.179087226977572,75.41291234199889,,,,83.24911531503312,0.001268200110644102,83.25038351514377,
1440,single_channel_ir_1/Office/Office_idx_10/S005_R004_hybrid_IR.wav,Office_idx_10,255,strict_failure_random_candidate_measured,,,,0.002271032,0.014763548,9.2961e-05,0.016807198,0.0,0.016807198,
1446,single_channel_ir_1/Office/Office_idx_10/S001_R018_hybrid_IR.wav,Office_idx_10,254,local_primary_97,4.966650116024539,5.770137064857408,92.91546259098686,,,,103.65224977186881,0.0013092269655317068,103.65355899883434,
1500,single_channel_ir_1/Office/Office_idx_10/S002_R012_hybrid_IR.wav,Office_idx_10,254,local_primary_97,5.243377160048112,5.195110793923959,100.20933309104294,,,,110.64782104501501,0.0029292090330272913,110.65075025404803,
1553,single_channel_ir_1/Office/Office_idx_10/S002_R019_hybrid_IR.wav,Office_idx_10,255,local_primary_97,3.517071831971407,3.9564057481475174,103.40810989891179,,,,110.88158747903071,0.0013027070090174675,110.88289018603973,
1567,single_channel_ir_1/Office/Office_idx_10/S005_R024_hybrid_IR.wav,Office_idx_10,254,local_primary_97,4.6497003368567675,5.772300517885014,111.23735263105482,,,,121.6593534857966,0.0013067270629107952,121.66066021285951,
1577,single_channel_ir_1/Office/Office_idx_10/S009_R016_hybrid_IR.wav,Office_idx_10,254,local_primary_97,4.3077084210235626,5.027652282034978,99.60610515298322,,,,108.94146585604176,0.001440160907804966,108.94290601694956,
1594,single_channel_ir_1/Office/Office_idx_10/S010_R001_hybrid_IR.wav,Office_idx_10,255,local_primary_97,5.38255270710215,4.653867499902844,103.20718359388411,,,,113.2436038008891,0.001328909071162343,113.24493270996027,
1595,single_channel_ir_1/Office/Office_idx_10/S004_R010_hybrid_IR.wav,Office_idx_10,254,local_primary_97,4.249112518969923,4.74789550807327,97.05177894397639,,,,106.04878697101958,0.0020141599234193563,106.050801130943,
1692,single_channel_ir_1/Office/Office_idx_11/S002_R021_hybrid_IR.wav,Office_idx_11,406,local_primary_97,8.181539027951658,12.051037585129961,254.4997103640344,,,,274.732286977116,0.0014435499906539917,274.7337305271067,
1704,single_channel_ir_1/Office/Office_idx_11/S001_R004_hybrid_IR.wav,Office_idx_11,404,local_primary_97,7.869636663002893,10.681600333889946,257.10698169795796,,,,275.6582186948508,0.0014360519126057625,275.6596547467634,
1751,single_channel_ir_1/Office/Office_idx_11/S005_R015_hybrid_IR.wav,Office_idx_11,407,strict_failure_random_candidate_measured,,,,0.002448718,0.014602415,9.035e-05,0.017143699,0.0,0.017143699,
1768,single_channel_ir_1/Office/Office_idx_11/S009_R023_hybrid_IR.wav,Office_idx_11,404,local_primary_97,7.434986833948642,8.747069776058197,227.48507500393316,,,,243.66713161394,0.0015297040808945894,243.6686613180209,
1805,single_channel_ir_1/Office/Office_idx_11/S001_R019_hybrid_IR.wav,Office_idx_11,404,strict_failure_random_candidate_measured,,,,0.00251482,0.014688578,9.2827e-05,0.017298634,0.0,0.017298634,
1870,single_channel_ir_1/Office/Office_idx_11/S010_R024_hybrid_IR.wav,Office_idx_11,404,local_primary_97,9.643437296850607,11.753181979060173,240.24895401485264,,,,261.6455732907634,0.0015029720962047577,261.6470762628596,
1880,single_channel_ir_1/Office/Office_idx_11/S006_R003_hybrid_IR.wav,Office_idx_11,402,local_primary_97,8.063794262008741,14.269073364092037,248.12746899505146,,,,270.46033662115224,0.0014399951323866844,270.4617766162846,
1896,single_channel_ir_1/Office/Office_idx_11/S008_R001_hybrid_IR.wav,Office_idx_11,404,local_primary_97,7.5465648078825325,10.374345906078815,201.64058436779305,,,,219.5614950817544,0.0014373029116541147,219.56293238466606,
1925,single_channel_ir_1/Bedrooms/Bedrooms_idx_18/S009_R015_hybrid_IR.wav,Bedrooms_idx_18,57,local_primary_97,0.889368190895766,1.1770795830525458,18.39721779199317,,,,20.463665565941483,0.0009882289450615644,20.464653794886544,
1937,single_channel_ir_1/Bedrooms/Bedrooms_idx_18/S004_R014_hybrid_IR.wav,Bedrooms_idx_18,57,local_primary_97,1.3490360528230667,1.533458136022091,18.513339535100386,,,,21.395833723945543,0.000988462008535862,21.39682218595408,
1991,single_channel_ir_1/Bedrooms/Bedrooms_idx_18/S001_R016_hybrid_IR.wav,Bedrooms_idx_18,58,local_primary_97,1.8768646570388228,1.9514739718288183,19.548957069171593,,,,23.377295698039234,0.0009889770299196243,23.378284675069153,
2022,single_channel_ir_1/Bedrooms/Bedrooms_idx_18/S002_R001_hybrid_IR.wav,Bedrooms_idx_18,56,local_primary_97,1.6268325108103454,2.1063122819177806,18.50323562696576,,,,22.236380419693887,0.0009272408206015825,22.23730766051449,
2128,single_channel_ir_1/Bedrooms/Bedrooms_idx_18/S005_R002_hybrid_IR.wav,Bedrooms_idx_18,56,local_primary_97,0.8795940540730953,1.0890576199162751,19.61876784893684,,,,21.58741952292621,0.000942812068387866,21.5883623349946,
2130,single_channel_ir_1/Bedrooms/Bedrooms_idx_18/S006_R003_hybrid_IR.wav,Bedrooms_idx_18,57,local_primary_97,1.4351093780715019,1.256226217141375,18.61896334006451,,,,21.310298935277387,0.000986119033768773,21.311285054311156,
2134,single_channel_ir_1/Bedrooms/Bedrooms_idx_18/S005_R008_hybrid_IR.wav,Bedrooms_idx_18,57,local_primary_97,1.8559432178735733,2.169063201872632,19.380782928783447,,,,23.40578934852965,0.0009902669116854668,23.406779615441337,
2157,single_channel_ir_1/Bedrooms/Bedrooms_idx_18/S003_R015_hybrid_IR.wav,Bedrooms_idx_18,56,local_primary_97,1.6961333961226046,1.8871013100724667,18.928120490862057,,,,22.511355197057128,0.0009275851771235466,22.51228278223425,
2188,single_channel_ir_1/Bedrooms/Bedrooms_idx_33/S002_R015_hybrid_IR.wav,Bedrooms_idx_33,57,local_primary_97,0.9248264918569475,1.1125104860402644,18.414951021084562,,,,20.452287998981774,0.000988089945167303,20.45327608892694,
2259,single_channel_ir_1/Bedrooms/Bedrooms_idx_33/S007_R010_hybrid_IR.wav,Bedrooms_idx_33,57,local_primary_97,0.8183815258089453,1.0328538359608501,21.064580296864733,,,,22.91581565863453,0.0008708951063454151,22.916686553740874,
2319,single_channel_ir_1/Bedrooms/Bedrooms_idx_33/S009_R019_hybrid_IR.wav,Bedrooms_idx_33,55,local_primary_97,1.5235496510285884,0.9800193239934742,19.93718887399882,,,,22.440757849020883,0.0008258020970970392,22.44158365111798,
2345,single_channel_ir_1/Bedrooms/Bedrooms_idx_33/S004_R010_hybrid_IR.wav,Bedrooms_idx_33,56,local_primary_97,1.4219683548435569,1.7274017271120101,21.18429040419869,,,,24.33366048615426,0.000798060093075037,24.334458546247333,
2375,single_channel_ir_1/Bedrooms/Bedrooms_idx_33/S007_R012_hybrid_IR.wav,Bedrooms_idx_33,55,local_primary_97,1.4772004149854183,1.683436611900106,20.426060850033537,,,,23.58669787691906,0.0008027099538594484,23.58750058687292,
2405,single_channel_ir_1/Bedrooms/Bedrooms_idx_33/S007_R002_hybrid_IR.wav,Bedrooms_idx_33,56,local_primary_97,1.382089776918292,1.1975736359599978,19.775501723168418,,,,22.355165136046708,0.0007985779084265232,22.355963713955134,
2414,single_channel_ir_1/Bedrooms/Bedrooms_idx_33/S007_R021_hybrid_IR.wav,Bedrooms_idx_33,57,local_primary_97,0.849402884952724,1.0805636830627918,18.995970790972933,,,,20.92593735898845,0.0007360959425568581,20.926673454931006,
2418,single_channel_ir_1/Bedrooms/Bedrooms_idx_33/S005_R016_hybrid_IR.wav,Bedrooms_idx_33,57,local_primary_97,1.4370443047955632,1.7204503868706524,19.63638791302219,,,,22.793882604688406,0.0007976139895617962,22.794680218677968,
3550,single_channel_ir_1/Auditorium/Auditorium_idx_1/S007_R038_hybrid_IR.wav,Auditorium_idx_1,3723,local_oversized,50.71908692503348,57.57300967187621,5000.0876854069065,,,,5108.379782003816,0.004964806837961078,5108.384746810654,
3685,single_channel_ir_1/Auditorium/Auditorium_idx_1/S009_R030_hybrid_IR.wav,Auditorium_idx_1,3722,local_oversized,93.33866044902243,107.63048306107521,9975.095064505003,,,,10176.064208015101,0.004875815007835627,10176.069083830109,
3695,single_channel_ir_1/Auditorium/Auditorium_idx_1/S002_R023_hybrid_IR.wav,Auditorium_idx_1,3724,local_oversized,99.73123200400732,110.7123693220783,9272.14981776406,,,,9482.593419090146,0.005666441982612014,9482.599085532129,
3800,single_channel_ir_1/Auditorium/Auditorium_idx_1/S008_R042_hybrid_IR.wav,Auditorium_idx_1,3723,external_runtime_recovered,,,,,,,4488.72,0.00487059005536139,4488.724870590056,4514.88
3841,single_channel_ir_1/Auditorium/Auditorium_idx_1/S003_R041_hybrid_IR.wav,Auditorium_idx_1,3723,external_runtime_recovered,,,,,,,4526.35,0.004954135976731777,4526.354954135977,4547.45
3934,single_channel_ir_1/Auditorium/Auditorium_idx_1/S009_R060_hybrid_IR.wav,Auditorium_idx_1,3723,local_oversized,71.25831194594502,87.22086601797491,9968.556814417941,,,,10127.035992381861,0.005005083046853542,10127.040997464908,
4137,single_channel_ir_1/Auditorium/Auditorium_idx_1/S004_R010_hybrid_IR.wav,Auditorium_idx_1,3722,local_oversized,70.85414314595982,89.36143374000676,10053.904603519011,,,,10214.120180404978,0.004737071925774217,10214.124917476904,
4206,single_channel_ir_1/Auditorium/Auditorium_idx_1/S003_R049_hybrid_IR.wav,Auditorium_idx_1,3722,local_oversized,98.25639503798448,82.4069776989054,10014.248631347902,,,,10194.912004084792,0.005085687851533294,10194.917089772644,
4467,single_channel_ir_1/Bathrooms/Bathrooms_idx_14/S009_R017_hybrid_IR.wav,Bathrooms_idx_14,27,local_primary_97,0.46877720509655774,0.5618894791696221,12.957987263100222,,,,13.988653947366402,0.000733913155272603,13.989387860521674,
4469,single_channel_ir_1/Bathrooms/Bathrooms_idx_14/S003_R020_hybrid_IR.wav,Bathrooms_idx_14,28,local_primary_97,0.5570743700955063,0.5847671290393919,12.980356720974669,,,,14.122198220109567,0.000626823864877224,14.122825043974444,
4513,single_channel_ir_1/Bathrooms/Bathrooms_idx_14/S003_R011_hybrid_IR.wav,Bathrooms_idx_14,27,local_primary_97,0.44264775002375245,0.5864740149118006,12.987443001940846,,,,14.0165647668764,0.0006415529642254114,14.017206319840625,
4518,single_channel_ir_1/Bathrooms/Bathrooms_idx_14/S009_R023_hybrid_IR.wav,Bathrooms_idx_14,28,local_primary_97,0.5077382088638842,0.5950740668922663,12.601781456032768,,,,13.704593731788918,0.0005930201150476933,13.705186751903966,
4617,single_channel_ir_1/Bathrooms/Bathrooms_idx_14/S010_R020_hybrid_IR.wav,Bathrooms_idx_14,28,local_primary_97,0.5803640668746084,0.837371044093743,14.110584087204188,,,,15.52831919817254,0.0006356390658766031,15.528954837238416,
4643,single_channel_ir_1/Bathrooms/Bathrooms_idx_14/S005_R022_hybrid_IR.wav,Bathrooms_idx_14,28,local_primary_97,0.44962745788507164,0.642673339927569,12.91308109392412,,,,14.00538189173676,0.000589531846344471,14.005971423583105,
4652,single_channel_ir_1/Bathrooms/Bathrooms_idx_14/S008_R013_hybrid_IR.wav,Bathrooms_idx_14,27,local_primary_97,0.6411534619983286,0.9213685318827629,13.75288840290159,,,,15.315410396782681,0.0006009121425449848,15.316011308925226,
4658,single_channel_ir_1/Bathrooms/Bathrooms_idx_14/S003_R005_hybrid_IR.wav,Bathrooms_idx_14,28,local_primary_97,0.4362923689186573,0.6164218210615218,12.957028133096173,,,,14.009742323076352,0.0005721289198845625,14.010314451996237,
4673,single_channel_ir_1/Bathrooms/Bathrooms_idx_18/S007_R019_hybrid_IR.wav,Bathrooms_idx_18,51,local_primary_97,0.6243684168439358,0.8026609800290316,13.678426027996466,,,,15.105455424869433,0.0007609520107507706,15.106216376880184,
4728,single_channel_ir_1/Bathrooms/Bathrooms_idx_18/S010_R023_hybrid_IR.wav,Bathrooms_idx_18,56,local_primary_97,0.7907817740924656,1.116869990946725,14.775441867066547,,,,16.683093632105738,0.0008003199473023415,16.68389395205304,
4775,single_channel_ir_1/Bathrooms/Bathrooms_idx_18/S006_R022_hybrid_IR.wav,Bathrooms_idx_18,54,local_primary_97,0.8149345028214157,0.7856828251387924,14.134996577864513,,,,15.73561390582472,0.0007988009601831436,15.736412706784904,
4781,single_channel_ir_1/Bathrooms/Bathrooms_idx_18/S010_R018_hybrid_IR.wav,Bathrooms_idx_18,58,local_primary_97,0.6066437209956348,0.8232892490923405,16.96017341199331,,,,18.390106382081285,0.0008239878807216883,18.390930369962007,
4784,single_channel_ir_1/Bathrooms/Bathrooms_idx_18/S005_R012_hybrid_IR.wav,Bathrooms_idx_18,55,local_primary_97,1.3769673279020935,1.532645208062604,16.019303383072838,,,,18.928915919037536,0.0008269511163234711,18.92974287015386,
4786,single_channel_ir_1/Bathrooms/Bathrooms_idx_18/S002_R010_hybrid_IR.wav,Bathrooms_idx_18,52,local_primary_97,0.6100812489166856,0.8546201009303331,13.880426710937172,,,,15.345128060784191,0.0007530690636485815,15.34588112984784,
4806,single_channel_ir_1/Bathrooms/Bathrooms_idx_18/S009_R006_hybrid_IR.wav,Bathrooms_idx_18,51,local_primary_97,0.77194813801907,0.8809353089891374,14.913842542096972,,,,16.56672598910518,0.0007476320024579763,16.567473621107638,
4893,single_channel_ir_1/Bathrooms/Bathrooms_idx_18/S005_R022_hybrid_IR.wav,Bathrooms_idx_18,54,local_primary_97,0.6718710160348564,0.71917460905388,13.90754517307505,,,,15.298590798163787,0.0008073560893535614,15.29939815425314,
4945,single_channel_ir_1/Apartments/Apartments_idx_50/S008_R007_hybrid_IR.wav,Apartments_idx_50,220,local_primary_97,3.6722973538562655,5.498231097124517,51.589597400976345,,,,60.76012585195713,0.001261735102161765,60.76138758705929,
4971,single_channel_ir_1/Apartments/Apartments_idx_50/S003_R014_hybrid_IR.wav,Apartments_idx_50,220,local_primary_97,2.2996933220420033,3.0689401410054415,58.44207438197918,,,,63.81070784502663,0.0012062299065291882,63.811914074933156,
5037,single_channel_ir_1/Apartments/Apartments_idx_50/S003_R010_hybrid_IR.wav,Apartments_idx_50,220,local_primary_97,3.3060588650405407,3.5700135070364922,62.524255133932456,,,,69.40032750600949,0.00126023986376822,69.40158774587326,
5053,single_channel_ir_1/Apartments/Apartments_idx_50/S002_R019_hybrid_IR.wav,Apartments_idx_50,220,local_primary_97,2.294065476162359,2.8401189849246293,58.247209368040785,,,,63.381393829127774,0.0013363321777433157,63.38273016130552,
5068,single_channel_ir_1/Apartments/Apartments_idx_50/S007_R014_hybrid_IR.wav,Apartments_idx_50,220,local_primary_97,2.394024496898055,2.8713188120163977,57.39217735105194,,,,62.657520659966394,0.0012472881935536861,62.65876794815995,
5094,single_channel_ir_1/Apartments/Apartments_idx_50/S010_R001_hybrid_IR.wav,Apartments_idx_50,220,local_primary_97,3.78984837513417,5.874690963886678,54.4239935700316,,,,64.08853290905245,0.001231417991220951,64.08976432704367,
5129,single_channel_ir_1/Apartments/Apartments_idx_50/S002_R025_hybrid_IR.wav,Apartments_idx_50,220,strict_failure_random_candidate_measured,,,,0.002452146,0.015003786,0.000118039,0.017591846,0.0,0.017591846,
5163,single_channel_ir_1/Apartments/Apartments_idx_50/S007_R013_hybrid_IR.wav,Apartments_idx_50,220,local_primary_97,3.15914072887972,4.028382474090904,57.87063399399631,,,,65.05815719696693,0.0012865709140896797,65.05944376788102,
5182,single_channel_ir_1/Apartments/Apartments_idx_42/S007_R006_hybrid_IR.wav,Apartments_idx_42,176,strict_failure_random_candidate_measured,,,,0.00238861,0.014690444,0.000100782,0.017181867,0.0,0.017181867,
5194,single_channel_ir_1/Apartments/Apartments_idx_42/S006_R006_hybrid_IR.wav,Apartments_idx_42,176,strict_failure_random_candidate_measured,,,,0.002427462,0.014795533,9.1062e-05,0.017301542,0.0,0.017301542,
5271,single_channel_ir_1/Apartments/Apartments_idx_42/S007_R007_hybrid_IR.wav,Apartments_idx_42,176,local_primary_97,3.8876217019278556,4.472052863100544,100.28042243700475,,,,108.64009700203314,0.0012223729863762856,108.64131937501952,
5281,single_channel_ir_1/Apartments/Apartments_idx_42/S010_R018_hybrid_IR.wav,Apartments_idx_42,176,strict_failure_random_candidate_measured,,,,0.002422287,0.014605216,8.3341e-05,0.017113442,0.0,0.017113442,
5296,single_channel_ir_1/Apartments/Apartments_idx_42/S005_R010_hybrid_IR.wav,Apartments_idx_42,176,strict_failure_random_candidate_measured,,,,0.002020233,0.014638281,9.3729e-05,0.016750706,0.0,0.016750706,
5333,single_channel_ir_1/Apartments/Apartments_idx_42/S003_R008_hybrid_IR.wav,Apartments_idx_42,176,strict_failure_random_candidate_measured,,,,0.002343566,0.014796684,9.1406e-05,0.01723418,0.0,0.01723418,
5334,single_channel_ir_1/Apartments/Apartments_idx_42/S001_R015_hybrid_IR.wav,Apartments_idx_42,176,strict_failure_random_candidate_measured,,,,0.00245745,0.014637172,9.8987e-05,0.017102452,0.0,0.017102452,
5363,single_channel_ir_1/Apartments/Apartments_idx_42/S003_R021_hybrid_IR.wav,Apartments_idx_42,176,strict_failure_random_candidate_measured,,,,0.002219874,0.014647609,0.000103574,0.01697334,0.0,0.01697334,
5433,single_channel_ir_1/LivingRoomsWithHallway/LivingRoomsWithHallway_idx_30/S005_R014_hybrid_IR.wav,LivingRoomsWithHallway_idx_30,279,local_primary_97,4.8364202650263906,5.839564175810665,115.90144989686087,,,,126.57743433769792,0.0013738959096372128,126.57880823360756,
5494,single_channel_ir_1/LivingRoomsWithHallway/LivingRoomsWithHallway_idx_30/S009_R011_hybrid_IR.wav,LivingRoomsWithHallway_idx_30,279,local_primary_97,5.091492220992222,5.895881931995973,125.34029454807751,,,,136.3276687010657,0.0013832340482622385,136.32905193511397,
5513,single_channel_ir_1/LivingRoomsWithHallway/LivingRoomsWithHallway_idx_30/S004_R023_hybrid_IR.wav,LivingRoomsWithHallway_idx_30,280,local_primary_97,4.681224809028208,5.754059077007696,110.43982341815718,,,,120.87510730419308,0.00133988494053483,120.87644718913361,
5544,single_channel_ir_1/LivingRoomsWithHallway/LivingRoomsWithHallway_idx_30/S004_R008_hybrid_IR.wav,LivingRoomsWithHallway_idx_30,280,local_primary_97,4.567387040005997,6.13349518016912,115.88987847301178,,,,126.5907606931869,0.0013578541111201048,126.59211854729801,
5556,single_channel_ir_1/LivingRoomsWithHallway/LivingRoomsWithHallway_idx_30/S009_R003_hybrid_IR.wav,LivingRoomsWithHallway_idx_30,279,strict_failure_random_candidate_measured,,,,0.002480676,0.014733475,0.000112807,0.017329324,0.0,0.017329324,
5573,single_channel_ir_1/LivingRoomsWithHallway/LivingRoomsWithHallway_idx_30/S002_R011_hybrid_IR.wav,LivingRoomsWithHallway_idx_30,280,local_primary_97,5.096883584978059,6.494164363015443,137.16474463185295,,,,148.75579257984646,0.0013893900904804468,148.75718196993694,
5625,single_channel_ir_1/LivingRoomsWithHallway/LivingRoomsWithHallway_idx_30/S004_R002_hybrid_IR.wav,LivingRoomsWithHallway_idx_30,280,local_primary_97,4.875009493902326,5.960877744015306,111.08110961993225,,,,121.91699685784988,0.0013162458781152964,121.918313103728,
5636,single_channel_ir_1/LivingRoomsWithHallway/LivingRoomsWithHallway_idx_30/S008_R004_hybrid_IR.wav,LivingRoomsWithHallway_idx_30,280,local_primary_97,4.710066549945623,5.647067811805755,111.74635777808726,,,,122.10349213983864,0.0013617430813610554,122.10485388292,
5672,single_channel_ir_1/LivingRoomsWithHallway/LivingRoomsWithHallway_idx_25/S008_R008_hybrid_IR.wav,LivingRoomsWithHallway_idx_25,139,local_primary_97,3.91630164696835,3.041078309994191,66.99968146812171,,,,73.95706142508425,0.00115701905451715,73.95821844413877,
5677,single_channel_ir_1/LivingRoomsWithHallway/LivingRoomsWithHallway_idx_25/S010_R005_hybrid_IR.wav,LivingRoomsWithHallway_idx_25,139,local_primary_97,3.462163281161338,3.9098635769914836,67.45983109180816,,,,74.83185794996098,0.001156307989731431,74.83301425795071,
5685,single_channel_ir_1/LivingRoomsWithHallway/LivingRoomsWithHallway_idx_25/S010_R014_hybrid_IR.wav,LivingRoomsWithHallway_idx_25,139,local_primary_97,4.311223745113239,4.259795011952519,59.37294628005475,,,,67.9439650371205,0.0009221530053764582,67.94488719012588,
5732,single_channel_ir_1/LivingRoomsWithHallway/LivingRoomsWithHallway_idx_25/S001_R025_hybrid_IR.wav,LivingRoomsWithHallway_idx_25,139,strict_failure_random_candidate_measured,,,,0.002137381,0.014817581,0.000108597,0.017065846,0.0,0.017065846,
5782,single_channel_ir_1/LivingRoomsWithHallway/LivingRoomsWithHallway_idx_25/S004_R008_hybrid_IR.wav,LivingRoomsWithHallway_idx_25,139,local_primary_97,4.45713374693878,4.813804876990616,62.31869032909162,,,,71.58962895302102,0.0011704640928655863,71.59079941711389,
5817,single_channel_ir_1/LivingRoomsWithHallway/LivingRoomsWithHallway_idx_25/S003_R002_hybrid_IR.wav,LivingRoomsWithHallway_idx_25,141,strict_failure_random_candidate_measured,,,,0.002391394,0.014419777,8.7238e-05,0.016901183,0.0,0.016901183,
5832,single_channel_ir_1/LivingRoomsWithHallway/LivingRoomsWithHallway_idx_25/S010_R017_hybrid_IR.wav,LivingRoomsWithHallway_idx_25,139,strict_failure_random_candidate_measured,,,,0.002444328,0.014606256,0.000109981,0.017163042,0.0,0.017163042,
5894,single_channel_ir_1/LivingRoomsWithHallway/LivingRoomsWithHallway_idx_25/S004_R024_hybrid_IR.wav,LivingRoomsWithHallway_idx_25,140,local_primary_97,3.2050692630000412,2.859205618966371,65.90894346893765,,,,71.97321835090406,0.0011536390520632267,71.97437198995613,
5912,single_channel_ir_1/Restaurants/Restaurants_idx_22/S005_R004_hybrid_IR.wav,Restaurants_idx_22,293,local_primary_97,5.1814530859701335,6.155246181180701,166.11198965995573,,,,177.44868892710656,0.0013195851352065802,177.45000851224177,
5923,single_channel_ir_1/Restaurants/Restaurants_idx_22/S001_R004_hybrid_IR.wav,Restaurants_idx_22,293,local_primary_97,5.086437512887642,5.801336521981284,158.19144074595533,,,,169.07921478082426,0.0013679969124495983,169.0805827777367,
5930,single_channel_ir_1/Restaurants/Restaurants_idx_22/S005_R019_hybrid_IR.wav,Restaurants_idx_22,292,local_primary_97,5.448195566190407,6.3968750790227205,165.41823992296122,,,,177.26331056817435,0.001367415999993682,177.26467798417434,
5934,single_channel_ir_1/Restaurants/Restaurants_idx_22/S009_R017_hybrid_IR.wav,Restaurants_idx_22,292,local_primary_97,5.1676525440998375,6.709433133015409,165.83084419206716,,,,177.7079298691824,0.0013305421452969313,177.7092604113277,
5958,single_channel_ir_1/Restaurants/Restaurants_idx_22/S004_R001_hybrid_IR.wav,Restaurants_idx_22,292,local_primary_97,5.510335528990254,6.212487610988319,164.94094066112302,,,,176.6637638011016,0.0013180992100387812,176.66508190031163,
5970,single_channel_ir_1/Restaurants/Restaurants_idx_22/S002_R014_hybrid_IR.wav,Restaurants_idx_22,293,local_primary_97,5.381575373001397,6.236755147110671,166.00774467200972,,,,177.6260751921218,0.0013382330071181059,177.6274134251289,
6016,single_channel_ir_1/Restaurants/Restaurants_idx_22/S004_R006_hybrid_IR.wav,Restaurants_idx_22,292,local_primary_97,5.659882011124864,6.302466321038082,164.85545769310556,,,,176.8178060252685,0.0013520789798349142,176.81915810424834,
6054,single_channel_ir_1/Restaurants/Restaurants_idx_22/S005_R002_hybrid_IR.wav,Restaurants_idx_22,292,local_primary_97,5.998968282015994,6.631824353011325,165.05732928495854,,,,177.68812191998586,0.0013198729138821363,177.68944179289974,
6124,single_channel_ir_1/Restaurants/Restaurants_idx_24/S001_R024_hybrid_IR.wav,Restaurants_idx_24,263,local_primary_97,5.972331579076126,6.451143914135173,145.15074947010726,,,,157.57422496331856,0.0013038408942520618,157.5755288042128,
6204,single_channel_ir_1/Restaurants/Restaurants_idx_24/S001_R002_hybrid_IR.wav,Restaurants_idx_24,261,local_primary_97,3.89236489799805,4.692297235131264,129.0224679328967,,,,137.607130066026,0.0013571870513260365,137.60848725307733,
6236,single_channel_ir_1/Restaurants/Restaurants_idx_24/S001_R023_hybrid_IR.wav,Restaurants_idx_24,263,local_primary_97,5.297420879127458,6.082933167926967,144.940714671975,,,,156.32106871902943,0.0013683929573744535,156.3224371119868,
6245,single_channel_ir_1/Restaurants/Restaurants_idx_24/S005_R023_hybrid_IR.wav,Restaurants_idx_24,263,local_primary_97,4.947647680062801,5.834610703866929,147.90758313401602,,,,158.68984151794575,0.0013441869523376226,158.6911857048981,
6252,single_channel_ir_1/Restaurants/Restaurants_idx_24/S005_R009_hybrid_IR.wav,Restaurants_idx_24,260,local_primary_97,4.907160127069801,5.7407357569318265,147.34185575391166,,,,157.9897516379133,0.0013712020590901375,157.99112283997238,
6280,single_channel_ir_1/Restaurants/Restaurants_idx_24/S010_R006_hybrid_IR.wav,Restaurants_idx_24,261,local_primary_97,4.933683036128059,5.729131849948317,146.3507898868993,,,,157.01360477297567,0.001325253862887621,157.01493002683856,
6281,single_channel_ir_1/Restaurants/Restaurants_idx_24/S006_R025_hybrid_IR.wav,Restaurants_idx_24,261,local_primary_97,5.024831032147631,5.9413167629390955,141.09041959699243,,,,152.05656739207916,0.0012755030766129494,152.05784289515577,
6303,single_channel_ir_1/Restaurants/Restaurants_idx_24/S004_R019_hybrid_IR.wav,Restaurants_idx_24,261,local_primary_97,4.984147151000798,5.954544513951987,122.52532977191731,,,,133.4640214368701,0.001323457108810544,133.4653448939789,
