method,K,angle_deg,metric,n,mean,std
Vanilla P1@40k,1,0,T60,5,10.28704,0.026447268289938798
Vanilla P1@40k,1,0,C50,5,1.0883999999999998,0.008755855183818434
Vanilla P1@40k,1,0,EDT,5,43.4371,0.3969645953986331
Vanilla P1@40k,1,0,FD,5,0.31858,0.0004549725266430881
Vanilla P1@40k,1,0,RIR_to_GT_RIR_R@1,5,4.989739999999999,0.1151335659136815
Vanilla P1@40k,1,0,RIR_to_GT_RIR_R@5,5,15.111260000000001,0.12942763615240788
Vanilla P1@40k,1,0,RIR_to_GT_RIR_R@10,5,22.50906,0.18116239400052114
Vanilla P1@40k,1,0,RIR_to_geom_R@1,5,3.65788,0.0923115485732961
Vanilla P1@40k,1,0,RIR_to_geom_R@5,5,12.97774,0.3367166954577694
Vanilla P1@40k,1,0,RIR_to_geom_R@10,5,19.561320000000002,0.19601376737362122
Vanilla P1@40k,1,90,T60,5,10.579339999999998,0.04102533363666937
Vanilla P1@40k,1,90,C50,5,1.11172,0.005359757457198981
Vanilla P1@40k,1,90,EDT,5,44.99524,0.26590987759013424
Vanilla P1@40k,1,90,FD,5,0.32488,0.0004438468204234428
Vanilla P1@40k,1,90,RIR_to_GT_RIR_R@1,5,4.4816400000000005,0.08122378346272736
Vanilla P1@40k,1,90,RIR_to_GT_RIR_R@5,5,14.467419999999999,0.1539994383106646
Vanilla P1@40k,1,90,RIR_to_GT_RIR_R@10,5,21.74214,0.1134498259143659
Vanilla P1@40k,1,90,RIR_to_geom_R@1,5,3.0708399999999996,0.12402787186757666
Vanilla P1@40k,1,90,RIR_to_geom_R@5,5,11.21036,0.12453004858266155
Vanilla P1@40k,1,90,RIR_to_geom_R@10,5,17.099560000000004,0.12802217776619831
Vanilla P1@40k,1,180,T60,5,11.1899,0.0625826253843666
Vanilla P1@40k,1,180,C50,5,1.22124,0.007401553890906971
Vanilla P1@40k,1,180,EDT,5,50.09414,0.36224185705133594
Vanilla P1@40k,1,180,FD,5,0.31936,0.00037815340802378603
Vanilla P1@40k,1,180,RIR_to_GT_RIR_R@1,5,4.670979999999999,0.1513449767914349
Vanilla P1@40k,1,180,RIR_to_GT_RIR_R@5,5,14.581039999999998,0.23379855217686896
Vanilla P1@40k,1,180,RIR_to_GT_RIR_R@10,5,21.89996,0.163792423512199
Vanilla P1@40k,1,180,RIR_to_geom_R@1,5,3.46218,0.18557959747773994
Vanilla P1@40k,1,180,RIR_to_geom_R@5,5,12.286579999999997,0.1745322090618233
Vanilla P1@40k,1,180,RIR_to_geom_R@10,5,19.293039999999998,0.18691024048992042
Vanilla P1@40k,1,270,T60,5,10.85308,0.039260374425112765
Vanilla P1@40k,1,270,C50,5,1.1627800000000001,0.006626235733808446
Vanilla P1@40k,1,270,EDT,5,45.876,0.3930024618243509
Vanilla P1@40k,1,270,FD,5,0.32446,0.0004560701700396664
Vanilla P1@40k,1,270,RIR_to_GT_RIR_R@1,5,4.53528,0.08094412887912245
Vanilla P1@40k,1,270,RIR_to_GT_RIR_R@5,5,14.37904,0.31863228493045076
Vanilla P1@40k,1,270,RIR_to_GT_RIR_R@10,5,21.76108,0.21523580557147157
Vanilla P1@40k,1,270,RIR_to_geom_R@1,5,3.6768200000000006,0.07648504428971713
Vanilla P1@40k,1,270,RIR_to_geom_R@5,5,11.74688,0.2068252329866934
Vanilla P1@40k,1,270,RIR_to_geom_R@10,5,17.68344,0.2127494841356838
Vanilla P1@40k,8,0,T60,5,8.99272,0.010903760819093933
Vanilla P1@40k,8,0,C50,5,1.0093,0.0035270384177097176
Vanilla P1@40k,8,0,EDT,5,40.64964,0.1009091323914721
Vanilla P1@40k,8,0,FD,5,0.3218,0.00022360679774997917
Vanilla P1@40k,8,0,RIR_to_GT_RIR_R@1,5,5.1727799999999995,0.13822393786895248
Vanilla P1@40k,8,0,RIR_to_GT_RIR_R@5,5,15.430019999999999,0.19662015919025191
Vanilla P1@40k,8,0,RIR_to_GT_RIR_R@10,5,23.40856,0.056480288596996074
Vanilla P1@40k,8,0,RIR_to_geom_R@1,5,3.7462600000000004,0.0793642425781283
Vanilla P1@40k,8,0,RIR_to_geom_R@5,5,13.337520000000001,0.11670517126503033
Vanilla P1@40k,8,0,RIR_to_geom_R@10,5,20.069439999999997,0.12297618875213173
Vanilla P1@40k,8,90,T60,5,9.30424,0.012651798291151893
Vanilla P1@40k,8,90,C50,5,1.04126,0.0005412947441090152
Vanilla P1@40k,8,90,EDT,5,42.304460000000006,0.08599786625260027
Vanilla P1@40k,8,90,FD,5,0.32921999999999996,0.00016431676725155538
Vanilla P1@40k,8,90,RIR_to_GT_RIR_R@1,5,4.90452,0.09091202890707036
Vanilla P1@40k,8,90,RIR_to_GT_RIR_R@5,5,14.991320000000002,0.05797126012085622
Vanilla P1@40k,8,90,RIR_to_GT_RIR_R@10,5,22.326019999999996,0.138210806379241
Vanilla P1@40k,8,90,RIR_to_geom_R@1,5,3.0676799999999997,0.12749724310744925
Vanilla P1@40k,8,90,RIR_to_geom_R@5,5,11.67428,0.12693831966746685
Vanilla P1@40k,8,90,RIR_to_geom_R@10,5,17.51302,0.13639551678849357
Vanilla P1@40k,8,180,T60,5,9.8893,0.016889641796083127
Vanilla P1@40k,8,180,C50,5,1.14252,0.0034127701358280384
Vanilla P1@40k,8,180,EDT,5,47.38812,0.051120661185083544
Vanilla P1@40k,8,180,FD,5,0.32362,0.00021679483388678203
Vanilla P1@40k,8,180,RIR_to_GT_RIR_R@1,5,4.95502,0.06312501089108816
Vanilla P1@40k,8,180,RIR_to_GT_RIR_R@5,5,15.158600000000002,0.1470270723370362
Vanilla P1@40k,8,180,RIR_to_GT_RIR_R@10,5,22.651100000000003,0.2811021967185608
Vanilla P1@40k,8,180,RIR_to_geom_R@1,5,3.550580000000001,0.14970222777233472
Vanilla P1@40k,8,180,RIR_to_geom_R@5,5,12.72526,0.10797607605391127
Vanilla P1@40k,8,180,RIR_to_geom_R@10,5,19.94634,0.0731753237095675
Vanilla P1@40k,8,270,T60,5,9.5845,0.01964344674439797
Vanilla P1@40k,8,270,C50,5,1.09018,0.0015336231610144657
Vanilla P1@40k,8,270,EDT,5,43.181799999999996,0.059597692908366105
Vanilla P1@40k,8,270,FD,5,0.32904,0.00027928480087538286
Vanilla P1@40k,8,270,RIR_to_GT_RIR_R@1,5,4.71516,0.10726552568276536
Vanilla P1@40k,8,270,RIR_to_GT_RIR_R@5,5,14.868219999999999,0.13863203814414596
Vanilla P1@40k,8,270,RIR_to_GT_RIR_R@10,5,22.44282,0.2031155508571413
Vanilla P1@40k,8,270,RIR_to_geom_R@1,5,3.78728,0.0953277871347069
Vanilla P1@40k,8,270,RIR_to_geom_R@5,5,12.25182,0.1934583986287492
Vanilla P1@40k,8,270,RIR_to_geom_R@10,5,18.05902,0.057559595203579984
FA B-F@40k,1,0,T60,5,9.5428,0.05426292472766295
FA B-F@40k,1,0,C50,5,1.05592,0.004033236913448097
FA B-F@40k,1,0,EDT,5,41.75382,0.34747229673745317
FA B-F@40k,1,0,FD,5,0.32874,0.0004277849927241315
FA B-F@40k,1,0,RIR_to_GT_RIR_R@1,5,5.16648,0.1661204442565697
FA B-F@40k,1,0,RIR_to_GT_RIR_R@5,5,16.070659999999997,0.2405174172487313
FA B-F@40k,1,0,RIR_to_GT_RIR_R@10,5,23.72102,0.14986467896072136
FA B-F@40k,1,0,RIR_to_geom_R@1,5,4.068160000000001,0.15356641234332452
FA B-F@40k,1,0,RIR_to_geom_R@5,5,13.766760000000001,0.18253301893082224
FA B-F@40k,1,0,RIR_to_geom_R@10,5,20.788999999999998,0.2133449905669216
FA B-F@40k,1,90,T60,5,9.541239999999998,0.05313368046728888
FA B-F@40k,1,90,C50,5,1.0559999999999998,0.004062634613154413
FA B-F@40k,1,90,EDT,5,41.75416,0.34759901898595874
FA B-F@40k,1,90,FD,5,0.32874,0.0004277849927241315
FA B-F@40k,1,90,RIR_to_GT_RIR_R@1,5,5.17594,0.18097912310540137
FA B-F@40k,1,90,RIR_to_GT_RIR_R@5,5,16.08646,0.2531062879503386
FA B-F@40k,1,90,RIR_to_GT_RIR_R@10,5,23.70206,0.15978254910972045
FA B-F@40k,1,90,RIR_to_geom_R@1,5,3.4053999999999993,0.14396907654076269
FA B-F@40k,1,90,RIR_to_geom_R@5,5,11.69952,0.13920692152332065
FA B-F@40k,1,90,RIR_to_geom_R@10,5,17.711840000000002,0.16231471898752792
FA B-F@40k,1,180,T60,5,9.5421,0.05429972375620337
FA B-F@40k,1,180,C50,5,1.05588,0.004070257977082079
FA B-F@40k,1,180,EDT,5,41.75496,0.3472611884446629
FA B-F@40k,1,180,FD,5,0.32874,0.0004277849927241315
FA B-F@40k,1,180,RIR_to_GT_RIR_R@1,5,5.16648,0.17560572883593517
FA B-F@40k,1,180,RIR_to_GT_RIR_R@5,5,16.067520000000002,0.23680111275076435
FA B-F@40k,1,180,RIR_to_GT_RIR_R@10,5,23.705239999999996,0.14944976748058092
FA B-F@40k,1,180,RIR_to_geom_R@1,5,3.71468,0.11840205656997681
FA B-F@40k,1,180,RIR_to_geom_R@5,5,12.6211,0.14349094048057515
FA B-F@40k,1,180,RIR_to_geom_R@10,5,19.719119999999997,0.25605981137226574
FA B-F@40k,1,270,T60,5,9.541920000000001,0.05375208833152426
FA B-F@40k,1,270,C50,5,1.0558999999999998,0.004062634613154413
FA B-F@40k,1,270,EDT,5,41.75599999999999,0.3475417385005715
FA B-F@40k,1,270,FD,5,0.32874,0.0004277849927241315
FA B-F@40k,1,270,RIR_to_GT_RIR_R@1,5,5.179119999999999,0.18249964931473175
FA B-F@40k,1,270,RIR_to_GT_RIR_R@5,5,16.07068,0.24941597182217504
FA B-F@40k,1,270,RIR_to_GT_RIR_R@10,5,23.69576,0.13645751353443317
FA B-F@40k,1,270,RIR_to_geom_R@1,5,3.5000800000000005,0.1269569690879552
FA B-F@40k,1,270,RIR_to_geom_R@5,5,11.6869,0.18987746048438756
FA B-F@40k,1,270,RIR_to_geom_R@10,5,18.0022,0.24709009490467315
FA B-F@40k,8,0,T60,5,8.20168,0.017218217097016826
FA B-F@40k,8,0,C50,5,0.9778399999999999,0.0015501612819316766
FA B-F@40k,8,0,EDT,5,38.793060000000004,0.07404233923911349
FA B-F@40k,8,0,FD,5,0.33314,8.944271909998174e-05
FA B-F@40k,8,0,RIR_to_GT_RIR_R@1,5,5.39688,0.06409989859586375
FA B-F@40k,8,0,RIR_to_GT_RIR_R@5,5,16.446279999999998,0.05736158993612274
FA B-F@40k,8,0,RIR_to_GT_RIR_R@10,5,24.19758,0.1638291243949011
FA B-F@40k,8,0,RIR_to_geom_R@1,5,4.184939999999999,0.06545000381970983
FA B-F@40k,8,0,RIR_to_geom_R@5,5,14.091859999999997,0.13249980377343926
FA B-F@40k,8,0,RIR_to_geom_R@10,5,21.10778,0.1552939052248998
FA B-F@40k,8,90,T60,5,8.201500000000001,0.017149052451957827
FA B-F@40k,8,90,C50,5,0.9779,0.001528070678993624
FA B-F@40k,8,90,EDT,5,38.79568,0.07446211788554098
FA B-F@40k,8,90,FD,5,0.33316,0.00011401754250990124
FA B-F@40k,8,90,RIR_to_GT_RIR_R@1,5,5.3811,0.08857928651778582
FA B-F@40k,8,90,RIR_to_GT_RIR_R@5,5,16.446260000000002,0.06253529403464783
FA B-F@40k,8,90,RIR_to_GT_RIR_R@10,5,24.181800000000003,0.15078068510256873
FA B-F@40k,8,90,RIR_to_geom_R@1,5,3.49064,0.12982375745602204
FA B-F@40k,8,90,RIR_to_geom_R@5,5,12.046719999999999,0.16309738501889004
FA B-F@40k,8,90,RIR_to_geom_R@10,5,18.112679999999997,0.16379049728235112
FA B-F@40k,8,180,T60,5,8.20248,0.017379211719752485
FA B-F@40k,8,180,C50,5,0.97782,0.0015073154945133653
FA B-F@40k,8,180,EDT,5,38.79504000000001,0.0745913399799199
FA B-F@40k,8,180,FD,5,0.33316,0.00011401754250990124
FA B-F@40k,8,180,RIR_to_GT_RIR_R@1,5,5.384259999999999,0.09162263912374485
FA B-F@40k,8,180,RIR_to_GT_RIR_R@5,5,16.45574,0.043780166742486894
FA B-F@40k,8,180,RIR_to_GT_RIR_R@10,5,24.1881,0.18852373855830526
FA B-F@40k,8,180,RIR_to_geom_R@1,5,3.80938,0.10967334224869776
FA B-F@40k,8,180,RIR_to_geom_R@5,5,12.968279999999998,0.12595430520629328
FA B-F@40k,8,180,RIR_to_geom_R@10,5,20.170440000000003,0.11011833634776735
FA B-F@40k,8,270,T60,5,8.201919999999998,0.017130732617141587
FA B-F@40k,8,270,C50,5,0.9778399999999999,0.0015076471735787757
FA B-F@40k,8,270,EDT,5,38.793060000000004,0.07359247923531279
FA B-F@40k,8,270,FD,5,0.33316,0.00011401754250990124
FA B-F@40k,8,270,RIR_to_GT_RIR_R@1,5,5.38742,0.09175877069795549
FA B-F@40k,8,270,RIR_to_GT_RIR_R@5,5,16.465220000000002,0.05534859528479477
FA B-F@40k,8,270,RIR_to_GT_RIR_R@10,5,24.188100000000002,0.1637524350963983
FA B-F@40k,8,270,RIR_to_geom_R@1,5,3.5474000000000006,0.12244057742431629
FA B-F@40k,8,270,RIR_to_geom_R@5,5,12.0246,0.10408686276375112
FA B-F@40k,8,270,RIR_to_geom_R@10,5,18.19788,0.1507120167737126
